job,age,height,weight,bmi,label
doctor,46,1.5733739159464655,87.88300501500231,35.50103433299108,overweight
worker,56,1.6783331011414364,50.49862036999016,17.92764290813017,underweight
engineer,41,1.6334834444556088,52.857674985706744,19.809731162899848,normal
engineer,39,1.52256463161084,84.70993247467536,36.541204707280436,overweight
teacher,38,1.7469926038510866,78.64092382685544,25.767155242330535,overweight
worker,42,1.6164916560792166,78.65190920973087,30.099711622716303,overweight
teacher,45,1.8895022075365837,57.802423723666735,16.190163775563704,underweight
engineer,20,1.8439761626945281,82.41691462232788,24.23850039030826,normal
student,56,1.5053059844639467,96.8210965626669,42.72877288185298,overweight
teacher,26,1.5063865008880857,57.699160409218194,25.427090178869676,overweight
doctor,24,1.7439986631130484,90.82572014548904,29.861839344671452,overweight
engineer,31,1.6564242430292964,55.022984828343425,20.053999031141714,normal
doctor,19,1.670062349796498,56.43679145775039,20.234708141240557,normal
doctor,46,1.8878338511058232,87.6323052848613,24.58876396564456,normal
teacher,27,1.8579309401710595,77.88449883460967,22.562742940599005,normal
doctor,57,1.8378135394712605,86.10260605755595,25.492557229968,overweight
worker,41,1.6427013306774356,60.45139803280594,22.40212061398992,normal
doctor,58,1.6185094022816329,54.08968164846514,20.648284337568022,normal
student,24,1.6693605922825479,66.71848349965633,23.941196547808136,normal
engineer,34,1.78453678109946,88.45965472921631,27.777568846434367,overweight
engineer,22,1.8705203514053395,80.80923640260694,23.095965787051586,normal
doctor,24,1.8400154311159196,69.71978707760118,20.59269189675794,normal
student,40,1.767536501065443,81.6257296139623,26.127045047106417,overweight
doctor,57,1.6098887171960257,75.86838842162356,29.27312893708115,overweight
engineer,54,1.8886848381556414,91.69026033463462,25.704207470259302,overweight
worker,43,1.5943939678995822,59.08375775187282,23.24217803663901,normal
engineer,26,1.7842651558743148,51.09899514465072,16.050684976875864,underweight
doctor,30,1.5806876809341586,94.26699776204356,37.72832621382136,overweight
student,49,1.778206434570451,52.66322999232316,16.654942485457205,underweight
worker,32,1.8022204554172194,57.58389910203924,17.72904078076063,underweight
engineer,39,1.852187135606103,79.33947264735863,23.127015024444177,normal
student,23,1.682613828193164,57.01422404692585,20.137906056335467,normal
doctor,47,1.8533121035675473,62.83897615529007,18.294981570780447,underweight
doctor,42,1.6272013899887456,51.05285584902222,19.28134955067482,normal
student,44,1.6708431154505026,89.99081212573712,32.23493687433466,overweight
student,20,1.5027808522124764,73.09110164176612,32.36482044997592,overweight
student,54,1.776974413156108,59.817678358918684,18.943804554972306,normal
engineer,49,1.7075162486973463,83.66604273923478,28.69587936002218,overweight
student,29,1.6007129183301456,72.3486678240812,28.236030283459428,overweight
student,54,1.613936197750987,47.02878210449931,18.054730398359894,underweight
student,19,1.7010716092915446,47.83133131874941,16.529787724858487,underweight
worker,49,1.8633063543866615,58.17590398668348,16.756164310331005,underweight
teacher,43,1.8942601816442401,58.31303993313252,16.251236922474813,underweight
doctor,28,1.6478617824245618,58.31879660525843,21.476672304303513,normal
worker,51,1.7534118843043578,74.46760762411172,24.221414966297814,normal
student,26,1.6283120259886943,55.258518071991986,20.841260069017554,normal
worker,20,1.7363571772752966,82.26603990132554,27.286162346260447,overweight
engineer,43,1.7048372233197124,57.45726763588659,19.768746440131295,normal
doctor,58,1.7763750952409862,66.27044404652956,21.001510370743862,normal
teacher,57,1.5550083776583974,63.758649307764216,26.367784578739172,overweight
student,40,1.7165791895310263,83.26814196397952,28.258635500062123,overweight
doctor,33,1.8268888800804863,75.53604463797043,22.632366904125412,normal
doctor,19,1.8985014799031696,98.09806432088365,27.216893750756697,overweight
worker,54,1.8530545372757359,55.37889095877587,16.127529748673187,underweight
student,52,1.7801431319891083,91.56636282310683,28.895227455945868,overweight
doctor,41,1.661803250848876,93.8273554318528,33.975845045370285,overweight
doctor,28,1.874253997688379,88.19373581126689,25.10619210787256,overweight
doctor,52,1.6489131066246971,96.7073393351778,35.56836440101019,overweight
student,46,1.6135683898949862,61.795012318941644,23.734422464762506,normal
teacher,52,1.7607845038010401,57.33481202033079,18.492940742899684,underweight
student,21,1.5948996349987201,62.89698339875973,24.72652576206423,normal
doctor,25,1.839689364197671,81.1687090765189,23.98278663725541,normal
student,29,1.703525630735504,79.99829400022425,27.56661120875622,overweight
worker,25,1.7524554503989052,88.71462169479067,28.886919554356293,overweight
student,45,1.7675696238652399,92.52921607895468,29.615960610311472,overweight
doctor,36,1.7288016796836732,87.270470786847,29.199604368633082,overweight
student,45,1.6879778055963772,60.375818798821726,21.18993231920401,normal
engineer,58,1.8812287388095812,63.19126675687825,17.85557548820869,underweight
worker,48,1.8854479908357011,91.9155200507048,25.85590447169073,overweight
worker,38,1.5763644124601384,59.766117128958626,24.051479573978998,normal
engineer,35,1.72272050498334,96.48851257884294,32.512170631096666,overweight
teacher,20,1.728024468035746,50.34470715739227,16.85986309754288,underweight
teacher,44,1.6181162353675755,62.740292033123026,23.962222973299532,normal
student,26,1.7809936335948438,64.77201331708653,20.420325593770702,normal
worker,59,1.8237444621914054,89.55623670735494,26.92575335326827,overweight
student,41,1.8652962210225885,73.12383193735158,21.01664173909859,normal
student,53,1.8193180715867099,80.74801619277709,24.3957736116504,normal
doctor,40,1.5110467087494819,76.83756925291573,33.65253921904611,overweight
engineer,42,1.5620166466910976,99.00124885707922,40.57601171232709,overweight
teacher,39,1.6001005442063456,47.135910393618275,18.410151132264755,underweight
engineer,54,1.7088973040219217,87.3496454204236,29.91088183501112,overweight
doctor,22,1.6829060646454914,91.31126912565898,32.24071229086152,overweight
doctor,47,1.7162540486440425,80.05864458240137,27.17972658332625,overweight
doctor,33,1.8903408317850139,73.39651915656574,20.539753785997082,normal
engineer,34,1.6595283605779179,68.84364056694082,24.99737878285996,normal
teacher,43,1.510140297366183,97.94566280728588,42.94875867584175,overweight
student,29,1.663581177765708,54.53118760389652,19.704116203961416,normal
student,51,1.5959149436629612,50.16303095447105,19.695376482916007,normal
student,57,1.8738455989358838,80.10488266138427,22.813471820727568,normal
worker,56,1.7628445314000667,68.96200942728402,22.19125592728566,normal
worker,20,1.599092395800463,64.57849732581938,25.25461888928158,overweight
worker,39,1.5057573954519023,51.38399522788039,22.66302401281699,normal
worker,47,1.8421842336044028,83.70118226590131,24.66411122754948,normal
doctor,33,1.5391336642604005,72.03887313142579,30.409847078242283,overweight
doctor,50,1.6858695251758444,80.73755254535199,28.407149697947613,overweight
teacher,27,1.8796582926365542,93.76742130139262,26.53958713970023,overweight
doctor,48,1.5061218161161538,96.33899694437156,42.4699668138444,overweight
student,22,1.7735855077592564,78.87181404144526,25.073650432063314,overweight
teacher,45,1.7343102325093853,96.71266327837267,32.153612249045594,overweight
doctor,52,1.757315287376941,70.20390897703342,22.733270536260783,normal
engineer,54,1.7503758680406292,90.12347640741974,29.415436774744403,overweight
teacher,46,1.5277445203500661,50.54279007575847,21.654977803313347,normal
teacher,52,1.6346216859554905,81.06474494594082,30.33873776417634,overweight
worker,43,1.772645467589116,63.7343513205332,20.282888387233204,normal
engineer,58,1.6984149817173624,83.10896972805666,28.81112882717164,overweight
teacher,28,1.8509888054108212,85.4289074092137,24.934305005094924,normal
worker,53,1.570975817511889,86.28381134024721,34.9615212001532,overweight
engineer,52,1.6650470707645706,65.46099471860308,23.611825741203493,normal
worker,29,1.6715976109500073,86.29790872853235,30.884230704010736,overweight
student,52,1.541249547534373,94.64040986737616,39.841041984907676,overweight
doctor,42,1.6280198404122448,94.25377756729102,35.561443274055,overweight
student,53,1.5043350605921193,94.7960087030595,41.88908724349056,overweight
doctor,26,1.627725455036166,97.25340818779426,36.70646140422577,overweight
doctor,36,1.697210263108722,49.58064261573928,17.212377117581585,underweight
worker,52,1.7409763703604475,75.45366787901904,24.893995278695254,normal
worker,53,1.878477817152676,87.97128277591614,24.930373386542186,normal
worker,59,1.889699283413764,99.7762183116681,27.940980526998477,overweight
teacher,22,1.7948142227164035,75.0253673590744,23.289980551152755,normal
engineer,35,1.887460777589654,82.84165055962714,23.253743209162675,normal
teacher,34,1.540449070449116,49.625874336324856,20.912862525452265,normal
worker,57,1.5291052025456775,90.20230326096959,38.57828305616055,overweight
teacher,19,1.53253951225676,49.666074274685556,21.146401456344456,normal
engineer,25,1.6497083183024481,65.385318088679,24.025139185609664,normal
doctor,34,1.8788994309535434,99.23005851025789,28.10840339562258,overweight
doctor,53,1.6505038342123663,49.59253941842678,18.20468933614439,underweight
worker,56,1.6696888036987905,94.84949118021048,34.02232082093715,overweight
engineer,30,1.6620808347125668,76.43101638627559,27.667209043173223,overweight
doctor,45,1.8068779412434286,90.25346935321812,27.64434302668221,overweight
student,20,1.733347506038864,97.9194901660998,32.59101331610721,overweight
doctor,42,1.847439651275784,57.2977711185699,16.787932219814017,underweight
teacher,49,1.7224020154570339,62.7477513552671,21.150912906108264,normal
worker,28,1.8676462861114638,58.91445923940826,16.89011624671369,underweight
engineer,37,1.5301738188359078,54.14184875500891,23.123392308989697,normal
student,31,1.617797578735772,99.77072562661539,38.12016472396091,overweight
engineer,33,1.7948402823372076,95.33898879180086,29.595039588558688,overweight
teacher,49,1.523145559103083,66.69869892344714,28.749781286084218,overweight
doctor,25,1.5678719615582262,80.57665989177981,32.77842436571589,overweight
teacher,45,1.531093854785994,98.59171442163915,42.056854875626854,overweight
engineer,34,1.6119054028675783,67.61636964797025,26.023921942773327,overweight
worker,45,1.608383057006052,52.325181887306236,20.227013653754238,normal
engineer,23,1.8799199653167695,84.9145729613598,24.02721913997676,normal
student,19,1.5330993680141225,93.21638172591861,39.65990158510619,overweight
engineer,22,1.510546789798901,65.70548517829273,28.79607274436108,overweight
student,35,1.8949104517259778,53.27292901069405,14.836422524174834,underweight
worker,43,1.6523563426524086,98.34529187980317,36.02020249135971,overweight
engineer,30,1.5254047318360004,47.025202719979525,20.209729372019094,normal
student,38,1.522550198660371,92.55973069402793,39.92811813345054,overweight
student,22,1.899887069314452,99.8150260390648,27.652878822420178,overweight
worker,40,1.8075949660722042,96.96211514353354,29.675622256278512,overweight
teacher,36,1.598939240697279,69.77992744205514,27.293962566268863,overweight
student,30,1.5828910596032226,93.30213671135557,37.23827350180451,overweight
teacher,45,1.607468992810123,46.22016081166659,17.887359824949737,underweight
teacher,51,1.6904842787156056,90.72543195343756,31.747298259824742,overweight
teacher,29,1.8265542940852248,98.23855709919027,29.445355558185533,overweight
engineer,34,1.5536060913802563,46.58304719723365,19.299500257167114,normal
worker,38,1.755744542789697,89.2774567135649,28.961373557898302,overweight
doctor,51,1.6402350235226388,77.44547277700482,28.786169165229907,overweight
engineer,51,1.63930218680932,73.26942190378959,27.26495143945226,overweight
doctor,47,1.7488346800911494,92.43000398107098,30.221461155093426,overweight
worker,46,1.5588293923716152,95.96231938388219,39.49149403584624,overweight
teacher,34,1.6032977553195833,70.25246659310437,27.32959576373268,overweight
teacher,23,1.6970472375971477,63.081338565812956,21.903475839964536,normal
engineer,28,1.5303453312434656,52.08838470508571,22.241394023264235,normal
engineer,33,1.7563498979212857,55.00340464195297,17.83066304406938,underweight
student,20,1.8497270419417668,73.3379830175316,21.434515441423354,normal
teacher,36,1.8287162547377795,63.979544530231266,19.131476721143507,normal
teacher,39,1.5354810135028223,51.634972910533044,21.900551538166802,normal
student,29,1.582533487362317,65.03484235764415,25.968105951038908,overweight
teacher,44,1.5157248559364396,88.96757193999734,38.72496136036458,overweight
student,39,1.5327036127795488,93.04682432587275,39.60820792090502,overweight
worker,34,1.6107510592588814,89.34107038861838,34.4345411433877,overweight
student,52,1.573808407742551,56.51421278351907,22.81675926360099,normal
teacher,45,1.647565455827909,70.43940938732314,25.949581049899628,overweight
worker,43,1.5146732811562391,58.88403193892114,25.66608395552047,overweight
engineer,40,1.7046709768462665,74.26624168959236,25.557025864059273,overweight
worker,35,1.678964946729382,74.29394965502627,26.355435019019804,overweight
student,54,1.5729135513903831,76.018080061036,30.726082231517054,overweight
student,56,1.5356817314848226,74.4434560208538,31.56632990653076,overweight
student,34,1.637170745711304,71.06834677868059,26.514794247827044,overweight
teacher,20,1.7595291361166303,71.37701559648376,23.055017695462915,normal
doctor,39,1.7347364472083515,85.99917108013815,28.577699077795145,overweight
student,36,1.6515090503805157,63.5595758629555,23.30338844369325,normal
doctor,43,1.743022088917429,58.439423550556,19.235352155687732,normal
engineer,23,1.7423099277427547,58.0474735454797,19.121964155771003,normal
worker,23,1.646142727869623,71.82953904448058,26.507459338724047,overweight
engineer,47,1.5693494381179018,94.32209835445337,38.297827733892554,overweight
engineer,48,1.6641587307958645,99.03082392997335,35.75863207354259,overweight
teacher,37,1.8877881733101476,92.60289192416892,25.984719176657915,overweight
student,47,1.5683550349560262,81.77537709584371,33.24557054353233,overweight
student,19,1.7227051572055718,76.43869792084449,25.7567683970396,overweight
engineer,22,1.5748174994230093,62.802358002233404,25.323019309877203,overweight
engineer,37,1.703044151473782,58.33253528282941,20.112174942002763,normal
student,43,1.8071118005771354,49.80095987743215,15.249923664796407,underweight
engineer,53,1.6282568768638057,77.66357036568444,29.293516561038867,overweight
teacher,27,1.7194412471752611,75.19070889389374,25.432526047588425,overweight
teacher,30,1.7738286191519332,49.83274611834612,15.837677863412901,underweight
worker,26,1.8040911439558744,77.76013073343144,23.891313814430205,normal
engineer,47,1.5426797000453745,91.79001030090501,38.569489366336626,overweight
doctor,31,1.8731752268399817,99.50112120515648,28.357710432148053,overweight
teacher,29,1.6516914339855202,95.95471829743411,35.17292628684868,overweight
doctor,46,1.5559089506505157,88.73970215229396,36.65638290138412,overweight
doctor,47,1.8300530706771188,55.25227427334792,16.497676771462842,underweight
engineer,31,1.7092261699076476,64.73567662679264,22.158717684139308,normal
worker,59,1.6569780429690542,89.91296917093675,32.74830544809679,overweight
engineer,55,1.7159124247658533,69.13095714635864,23.479147926552308,normal
student,42,1.6421449807273583,66.53151606108261,24.67200392453404,normal
teacher,31,1.5266476449563269,57.5963965008638,24.71255725916795,normal
engineer,23,1.87593284944539,79.52394291892799,22.597652615213043,normal
teacher,32,1.8514516461493753,72.2482994522181,21.07671295827262,normal
engineer,53,1.8990770463695372,86.38217160213526,23.951843677288778,normal
worker,54,1.8114287756203002,52.87203920516583,16.113264492740605,underweight
doctor,39,1.7856256328894455,72.16898179219744,22.634440034139807,normal
teacher,50,1.541166412297658,74.50647433165271,31.368585952327507,overweight
doctor,41,1.741583148829005,72.62585911043917,23.94433913420985,normal
worker,46,1.5917005580930566,84.72389126161865,33.441300396887804,overweight
teacher,44,1.7564590531541189,83.1671644456905,26.957265426820587,overweight
doctor,43,1.6007196235627812,64.01327964271557,24.982709623591603,normal
engineer,27,1.6370097028714174,57.50430406664928,21.458425106986873,normal
teacher,29,1.8647409635371859,52.651390677868406,15.141636783782507,underweight
teacher,42,1.6024062127414649,84.93525723343204,33.07826835640078,overweight
engineer,29,1.5408850656900799,95.53127872434106,40.23510129315053,overweight
worker,54,1.7828954537253594,53.38964736028437,16.7959780047415,underweight
doctor,48,1.7426860185531423,68.32718692163124,22.498587182768592,normal
worker,31,1.873746805907606,95.9062682098727,27.316508055857263,overweight
student,54,1.8939364795849336,91.13939475452638,25.408283222658895,overweight
student,18,1.8479585448248512,73.53609314193397,21.533573338620627,normal
worker,26,1.7976998607373154,56.30688946066006,17.423169710235147,underweight
student,43,1.6333996686764576,66.89927814750189,25.07474386036579,overweight
student,43,1.867942246565104,64.04902969012787,18.35632193575401,underweight
teacher,44,1.7950004992438993,69.87198674893939,21.68572493445007,normal
engineer,41,1.7310527816366188,54.10323245853856,18.05521203181959,underweight
worker,41,1.624589268453103,87.92726391503481,33.31473775700399,overweight
engineer,39,1.5880388856324388,56.69744313876745,22.482324343960027,normal
student,24,1.8902165262731025,70.24439434093571,19.660228472191445,normal
doctor,39,1.5341398672314575,99.82808385152711,42.41532735932322,overweight
student,24,1.7381540069280175,48.68920625636351,16.11596022174454,underweight
engineer,36,1.6397547996197332,70.75275056427586,26.31391736352694,overweight
student,46,1.6888267780439996,76.0662623294439,26.669929261246896,overweight
teacher,18,1.8102110466780041,69.93088591114152,21.340795710747575,normal
teacher,45,1.6924351793550343,72.3356571851687,25.253893420628813,overweight
engineer,21,1.5727712521981085,92.39820915574344,37.35359702189929,overweight
engineer,49,1.6089207418881197,94.35867254003864,36.451258014305836,overweight
teacher,50,1.510154542264138,53.58839285514047,23.49784019887971,normal
teacher,24,1.7635695767640605,46.49027958769159,14.947789093810792,underweight
engineer,41,1.5784452398773812,72.80293335083186,29.22064772694935,overweight
student,54,1.5714178648217334,80.9010359318531,32.76202296753757,overweight
teacher,52,1.5972688763997815,84.72468125206126,33.20885370904103,overweight
engineer,33,1.6588734118473818,81.74468251138555,29.705236788609145,overweight
worker,31,1.6172590921044052,94.29847001866159,36.05333497395036,overweight
teacher,24,1.794361845278401,91.64704525067859,28.464162865662768,overweight
worker,36,1.7332166243878768,68.17835028258739,22.695554420000757,normal
teacher,18,1.8269774246953763,63.79995434338318,19.114106698920434,normal
teacher,19,1.6452236848780362,46.8825460951291,17.320534231825537,underweight
doctor,22,1.6380768579525102,87.56089877607371,32.63184737920759,overweight
student,51,1.8444272079898885,57.07307887945273,16.776766560523654,underweight
teacher,39,1.8119035099152123,51.283085925621826,15.620826837506527,underweight
engineer,40,1.819942102378926,68.38674274580784,20.64699129788251,normal
engineer,34,1.6074709437539785,74.78988180634768,28.943869003426492,overweight
worker,42,1.603155074173281,52.664584074005326,20.491209367558092,normal
engineer,21,1.5529104844501322,94.53147656800121,39.19977708665635,overweight
teacher,40,1.7732735425781925,90.24211317514207,28.69840681928929,overweight
worker,59,1.7306065902057013,60.073037137796334,20.057780896321447,normal
student,54,1.7605681553407457,90.63579920389608,29.241125464619994,overweight
worker,59,1.5560074154641796,59.5026091449039,24.576084120476526,normal
engineer,57,1.600292264224639,79.82039348465962,31.168453385134036,overweight
worker,24,1.7293177512717601,91.09588297480627,30.461350285238105,overweight
worker,45,1.8083645508257082,68.2119832752878,20.85877055227744,normal
teacher,18,1.5331194671700505,78.17336602065134,33.25881840857439,overweight
teacher,46,1.6557182456167907,60.8781555223885,22.20693475061611,normal
doctor,56,1.744161866803183,97.21187383817711,31.955509056942084,overweight
worker,50,1.607964488956878,74.69135283995064,28.88799624167129,overweight
engineer,52,1.8366118641240172,91.55243171230066,27.141579211924626,overweight
engineer,51,1.7493330203619961,71.08305197852033,23.228495318186013,normal
student,26,1.6406160644536876,67.70364528337137,25.1534831608518,overweight
worker,57,1.6739309354414984,58.55211182815087,20.89620848194005,normal
engineer,54,1.5009357562503114,98.22346635138976,43.60045776466055,overweight
teacher,29,1.6443895587760107,50.037014032964876,18.50469639952422,normal
engineer,34,1.8800949415283208,69.53031751268756,19.67046609594604,normal
doctor,33,1.8491783343505632,85.27236875252586,24.937374900954048,normal
worker,34,1.763513346684287,83.07521104848189,26.71246410198167,overweight
student,35,1.695769985457256,57.16651930007812,19.87961007919375,normal
teacher,58,1.8776237358746453,47.16847462526783,13.379340249828138,underweight
teacher,33,1.8700993269662662,54.931643982003344,15.707000184674053,underweight
worker,39,1.8661953190352167,46.867028822218934,13.457154248010024,underweight
worker,24,1.6189396029490202,95.84179074570918,36.56736153642814,overweight
teacher,40,1.8181367351836388,85.97855014661212,26.009801263164,overweight
doctor,56,1.6820574740144625,73.7339016839143,26.060668588865795,overweight
student,31,1.7385079513928212,57.650486050823666,19.07434398854282,normal
doctor,51,1.8539993426093124,74.16458229491951,21.576321434937046,normal
teacher,40,1.5261425363195769,62.340968580683565,26.765992466176822,overweight
student,21,1.8162892659355854,62.53138766126385,18.95518527627667,normal
teacher,50,1.8543910992944748,78.87247535002675,22.936270552284828,normal
teacher,52,1.8480395495603719,46.169817596771296,13.518721969835827,underweight
worker,30,1.6535855559678903,96.29244501838892,35.21590665972064,overweight
engineer,56,1.5037941734513993,47.89761097874757,21.180541389088212,normal
student,46,1.5150387092825044,71.38797297710776,31.101231946407548,overweight
doctor,27,1.5366797340445721,63.50037551056322,26.891161810524608,overweight
doctor,22,1.792908722873858,45.18404991236386,14.056228045748426,underweight
worker,31,1.6188011505819528,91.90520019305458,35.071397896626536,overweight
teacher,54,1.5168372758545448,45.98306641033776,19.98572666686463,normal
student,32,1.6537306588638727,82.38060054811885,30.122804119028665,overweight
doctor,54,1.8145380057662208,49.91760512717427,15.160782009430964,underweight
engineer,30,1.8956739639253435,85.88440525914933,23.8994013147503,normal
doctor,25,1.8770927096540502,80.73056569458026,22.912187241043952,normal
worker,27,1.5187781428591252,66.12498363201873,28.666647134262288,overweight
student,20,1.8304822783175863,89.04233279214313,26.574522647521338,overweight
student,26,1.8711009132780851,99.71993024555394,28.483119014969997,overweight
worker,59,1.7060991697258903,72.01524874777446,24.740924380232187,normal
student,41,1.8589744592184814,70.4859411518591,20.396500343324387,normal
worker,42,1.7371759739366812,76.90474143107961,25.483876274669665,overweight
teacher,28,1.8509843450521521,59.60800234237883,17.397989969636654,underweight
doctor,46,1.855499231947591,97.56083240263644,28.33700450951032,overweight
doctor,59,1.8238064298899512,81.0383089351462,24.3631189063884,normal
worker,28,1.534794703964564,67.46492671888842,28.64029382161786,overweight
engineer,22,1.5195134326692692,74.29313856704192,32.17656050091082,overweight
worker,30,1.857791972387227,99.53114343297764,28.837979547290814,overweight
teacher,57,1.8531625076549845,73.38434612439892,21.368617171725205,normal
engineer,20,1.6391236831608773,82.29088839074849,30.62868139426702,overweight
engineer,30,1.6068113080677686,93.32464924953369,36.14652960721264,overweight
engineer,33,1.7633807338633702,91.78199510018331,29.516530740531852,overweight
engineer,58,1.633603551498095,58.12795172155596,21.781695475738847,normal
worker,59,1.5423336375314336,83.44449059217732,35.07849941426666,overweight
doctor,24,1.85265485310814,97.8723408501699,28.514839981838254,overweight
student,48,1.830326700225905,52.087842711039485,15.548164996188486,underweight
engineer,47,1.863480523707747,45.06160613140602,12.97648147601973,underweight
teacher,31,1.8026543215139739,59.22785818838494,18.226409343836114,underweight
teacher,49,1.5336392897871938,62.95384670768111,26.765528310136016,overweight
student,34,1.546337542712103,65.71824490927393,27.483836512802032,overweight
worker,52,1.5513794872372766,60.58386215460699,25.172182172650185,overweight
teacher,58,1.8851968015435978,63.802969132127735,17.952606054389964,underweight
doctor,32,1.8728112422040069,50.63803503948736,14.437394695268198,underweight
doctor,37,1.7751542889203253,48.73103825078446,15.464413450181738,underweight
engineer,34,1.8083937170128541,83.97146025314461,25.6770854649741,overweight
student,39,1.7483662071069908,47.515811859688206,15.544377925563065,underweight
teacher,31,1.8893955876709587,98.28828204071303,27.5331531559501,overweight
doctor,52,1.7377583436914181,66.0986743223092,21.888398381353063,normal
worker,28,1.8286051789629763,65.45084410812986,19.57380967060274,normal
engineer,28,1.7733181506426021,69.52464885072116,22.1088160099153,normal
teacher,46,1.8777214539831317,50.62064908315455,14.357055290433017,underweight
student,56,1.7108096384847449,90.42564211899432,30.895001788908452,overweight
engineer,49,1.532952418246337,82.42746161410922,35.07636462839708,overweight
engineer,44,1.8472217290129171,97.97801593920725,28.713794214354905,overweight
doctor,46,1.8774463680670395,68.08500243093673,19.31596358925037,normal
engineer,37,1.6590377591851178,60.08183612917685,21.828839886758693,normal
engineer,18,1.628297096175251,84.84324699377643,32.000000424149086,overweight
teacher,52,1.5124536331538045,80.84167539567368,35.340376051071054,overweight
doctor,35,1.8457432999358547,71.02654486803564,20.848657144673908,normal
doctor,42,1.8474492671822442,87.71282690354579,25.699108976902938,overweight
engineer,24,1.7504881286525662,52.21846827253132,17.041420340460117,underweight
worker,41,1.8683391391262747,78.91576729864059,22.607490654693265,normal
student,47,1.5469232755849578,51.88521857114027,21.68233761138002,normal
doctor,37,1.672122357959785,56.02885996851852,20.038983059586403,normal
student,39,1.7327885607657594,59.794637243930374,19.914577224966727,normal
engineer,30,1.5598322570670262,70.55292281496956,28.997410430782875,overweight
teacher,48,1.788755051170774,81.13411216604712,25.357226026603993,overweight
student,50,1.8810594552154867,94.93002591415521,26.82863358814785,overweight
engineer,39,1.7996646556405131,53.025714071933,16.372060874247417,underweight
doctor,49,1.507347054776216,71.52960098533754,31.48178067658395,overweight
doctor,37,1.6384066270579358,87.66926046861258,32.65908034797762,overweight
teacher,50,1.7070846573538845,49.83265745296583,17.100307873161327,underweight
worker,47,1.5132812435165466,49.32181734352614,21.537722254118577,normal
teacher,55,1.7270163393046232,82.92057330254961,27.801575202317302,overweight
teacher,32,1.580060097697924,54.211542024248836,21.714235788727876,normal
student,57,1.7545720998174545,83.85616495677957,27.239087722527803,overweight
student,23,1.7466418327449895,78.71192961760832,25.800780516502318,overweight
student,29,1.8483876494984341,84.27478126728353,24.666726473161802,normal
doctor,24,1.7643280473197003,75.41507989255771,24.22699330262405,normal
teacher,39,1.68092731380732,80.39677323580887,28.453831154183657,overweight
student,59,1.6754428865958153,84.8654607930732,30.23233684079029,overweight
doctor,40,1.7601176743493814,71.3603410716958,23.03421993254262,normal
engineer,36,1.8903461023276524,63.52926854741088,17.778339801826494,underweight
worker,49,1.6992782865812555,75.54499530156971,26.162345850867695,overweight
teacher,36,1.5913818965325195,99.7983653831208,39.4071113875828,overweight
student,20,1.5326105958209706,67.17937486181074,28.60041340409965,overweight
worker,46,1.667359915467061,56.196805418823345,20.214030430653487,normal
doctor,47,1.8843122205947906,67.87490513808174,19.11628541785477,normal
doctor,54,1.6383739970187852,65.40713196415315,24.36682885943284,normal
doctor,41,1.7173202093453153,73.26977272947987,24.844043615810783,normal
student,53,1.5117577783026028,66.75333434169585,29.20845195601387,overweight
doctor,19,1.7390894261023457,88.61258520330973,29.29891770299397,overweight
teacher,29,1.6535388607471184,70.61970438611367,25.828375004375143,overweight
worker,32,1.5943168375836838,87.68001138694862,34.494617386777975,overweight
doctor,47,1.5718732435480969,58.06488287081327,23.5005762406045,normal
teacher,54,1.8417540373478316,72.07528210464191,21.24824619896734,normal
doctor,31,1.705926941571876,64.75783531698711,22.25212377262641,normal
teacher,56,1.5654095490340092,66.50948451584684,27.141111202836882,overweight
student,45,1.603253373080451,81.12051654977107,31.559228862162687,overweight
student,57,1.739485592040043,66.8162876988959,22.082115182549707,normal
engineer,27,1.529398698932005,54.33668477981474,23.230133449126246,normal
teacher,46,1.6348012705725146,90.58858512354352,33.8956169756861,overweight
student,22,1.599485709035052,78.94297426322166,30.85693293574948,overweight
student,37,1.6517434359689696,78.30459867046855,28.70133441059527,overweight
worker,29,1.6898523502999254,91.42937469330585,32.0175598018954,overweight
doctor,45,1.8456864710696674,75.69771372766246,22.221169144151094,normal
engineer,37,1.6078998446067958,48.13977708491232,18.62027490188968,normal
worker,37,1.5206787348966109,80.20016317603026,34.68169433134223,overweight
engineer,23,1.5720041749890894,49.87055713227828,20.180728038198048,normal
student,31,1.775283146346638,66.85584436554205,21.213098957866226,normal
teacher,41,1.7743870943931936,45.95588846020138,14.596355308695799,underweight
student,46,1.8471673178080088,70.01069205986225,20.518797186667413,normal
engineer,40,1.7667457030184417,52.68081901159721,16.877356758628455,underweight
worker,33,1.8759279167707366,85.3094405087738,24.241796480062924,normal
teacher,38,1.5375602863157674,81.99311650238195,34.68271505268551,overweight
worker,39,1.6021226098913728,81.38977927041307,31.70869523409461,overweight
teacher,27,1.5070063963448248,58.428100973230585,25.72714414761039,overweight
teacher,25,1.8458435343820145,87.26856504880851,25.613449175380097,overweight
engineer,25,1.8182041486785612,95.52727883464274,28.896292047709657,overweight
student,36,1.8763501425352258,90.47613860415325,25.69841203541163,overweight
worker,58,1.5426372121231964,81.18149175316698,34.113746720238844,overweight
teacher,23,1.6272446214472478,92.65412671402049,34.99121942030652,overweight
student,30,1.8129541936233093,76.18589435426674,23.17933155186901,normal
student,28,1.8514062245205392,67.22771769080681,19.61304065843163,normal
doctor,55,1.675268938564795,94.57566072736444,33.698479960871566,overweight
worker,58,1.6268782867061593,92.7895344047314,35.058139908941435,overweight
student,41,1.6187477098241123,80.69910623369162,30.79714025099076,overweight
worker,32,1.7520834993316576,78.5407493024282,25.585001166957717,overweight
worker,36,1.6554232405081382,69.6781492442392,25.426027401963537,overweight
student,49,1.649300716651736,57.49982949947333,21.138144457670133,normal
teacher,28,1.741379437352551,81.7517039205259,26.959385537935077,overweight
teacher,19,1.685397617520229,65.88821790985764,23.19546108409044,normal
teacher,25,1.7076327140544871,71.3550032696352,24.47008612610723,normal
worker,46,1.6364991310504626,65.91075903322213,24.610744681458268,normal
teacher,54,1.5984278635191993,71.21825112726376,27.874380347381248,overweight
engineer,40,1.8251942954864373,84.4967691924572,25.364242584734637,overweight
engineer,38,1.5783111942734185,45.415958123797814,18.23153381084254,underweight
worker,32,1.5973929186305198,95.98689996379687,37.61737236147342,overweight
doctor,38,1.69167329177744,55.70070777519155,19.463804254248185,normal
worker,21,1.6027106270882032,60.66800960790576,23.61834779901623,normal
engineer,46,1.8212103591330653,74.653870217139,22.50775108138593,normal
teacher,53,1.7870543143634516,66.9947863742286,20.978068635166835,normal
worker,21,1.829269606238264,73.73645722838651,22.035698949053785,normal
doctor,27,1.8199124381696086,55.152182124536814,16.65182023587537,underweight
student,59,1.5740913786189639,95.47638690442575,38.533290373147686,overweight
doctor,21,1.5348155850350635,89.86617539273544,38.149061459271046,overweight
doctor,59,1.5449217377644877,45.14212081647403,18.913373143338493,normal
worker,39,1.7374154276492588,88.6559117709284,29.369757012824227,overweight
teacher,41,1.6644113879226818,91.19237165766961,32.91828140176084,overweight
student,43,1.602257999123709,61.61332760091373,23.99991855144593,normal
engineer,53,1.669495301459505,81.71524446103088,29.31788804025844,overweight
teacher,36,1.7495437298706291,69.8472223305476,22.819153803723832,normal
teacher,22,1.5672056830979453,85.52805597193002,34.82223203235696,overweight
teacher,50,1.5866959200363102,50.2643005536089,19.965134190449422,normal
worker,32,1.592098467371148,56.34023904851345,22.226896990378197,normal
engineer,27,1.6027535390582859,79.76085173112301,31.049620319633195,overweight
student,42,1.8951142080859549,52.50418639062032,14.619184858241598,underweight
worker,35,1.6617275072417168,68.55097882090881,24.825273532862287,normal
student,28,1.8965023974808752,52.06168591997689,14.474762136322122,underweight
engineer,21,1.7897355268514965,76.8112804353525,23.97989552628771,normal
worker,53,1.5342632998385721,94.1804981065265,40.009321798653865,overweight
engineer,26,1.6293486248462083,57.466102122484344,21.646301513602467,normal
student,56,1.5277695370984374,73.54828849995488,31.510614936167727,overweight
teacher,22,1.5279726422837736,80.20925231054913,34.35526565328188,overweight
teacher,20,1.713183114620534,62.83835642134566,21.410028563979274,normal
engineer,39,1.7677947820792759,99.67766486716421,31.89584850729466,overweight
teacher,55,1.7231133669480099,85.18577806315854,28.690584205898016,overweight
doctor,25,1.73219000268667,49.882206675927264,16.624730047065974,underweight
worker,30,1.7539840182364133,86.51608009674663,28.12195896911352,overweight
teacher,47,1.680148374503274,86.58898308923852,30.673784848515986,overweight
student,33,1.765964689794887,88.7497478434351,28.457916218939435,overweight
worker,40,1.6597263663237232,53.38288073317296,19.378895451906732,normal
worker,37,1.870800387169718,74.69764216543078,21.342829318180094,normal
student,47,1.7083831909088167,79.29721284015179,27.169856429881694,overweight
teacher,25,1.802108168198723,52.024241599937916,16.019318918750617,underweight
doctor,55,1.5637216082475922,48.47099681935326,19.822712226840256,normal
doctor,50,1.5909429200384395,63.79209760433065,25.203316092184743,overweight
student,38,1.6385287074356014,58.14804327084961,21.65843118006776,normal
student,28,1.8301144432931586,60.38369461593136,18.02864906555411,underweight
teacher,21,1.849334664689539,53.89703162436603,15.759187635068319,underweight
engineer,32,1.896863205929325,91.82837267598026,25.52142167491437,overweight
teacher,29,1.8722380858575665,51.400151883701184,14.663655571408155,underweight
teacher,52,1.7697215225636194,74.28646559076844,23.719188728575205,normal
engineer,33,1.5847929963608953,90.03042522408487,35.846290073006045,overweight
worker,52,1.5694098059946033,83.2223098896354,33.788354500713005,overweight
teacher,31,1.8902440803439657,80.25346425399326,22.46094451894847,normal
student,19,1.5530098690967393,92.41079652499424,38.315481043872545,overweight
doctor,48,1.6948247675275743,78.34391157630375,27.274427750381296,overweight
worker,20,1.8811190110405176,90.38604220785625,25.5428189466422,overweight
worker,51,1.5272689237541974,46.419654882221785,19.900815677762157,normal
student,32,1.8852460446356694,75.22412447422593,21.165136083650925,normal
doctor,30,1.8745796695534642,93.18578559289233,26.518067121485025,overweight
worker,23,1.5001330024481958,45.97282952872915,20.428745754557774,normal
teacher,40,1.5608099412514593,48.37422949108675,19.85701736119867,normal
engineer,51,1.683920169507728,48.19900875280117,16.997893705753487,underweight
engineer,48,1.7780140915434213,99.10234088948775,31.34826546316755,overweight
engineer,26,1.5568997474748785,51.67617166823359,21.319108304820745,normal
engineer,24,1.7768645366776528,48.42604889715345,15.3380587502224,underweight
doctor,21,1.8986787415411905,89.76836482283103,24.901203565212114,normal
doctor,46,1.7495583345166552,73.98728051514084,24.171311189721067,normal
teacher,54,1.8546416860961865,69.73815568517274,20.274512651236243,normal
worker,52,1.647103740350916,67.77713638909098,24.982811373123223,normal
worker,39,1.8855289101929404,58.67191417432181,16.50303671845183,underweight
engineer,38,1.5076769107292227,59.28972648097688,26.08332057371865,overweight
teacher,40,1.5548438822915995,74.44205722989254,30.792488512494494,overweight
student,30,1.5048483098575574,58.26608016797478,25.729441093463468,overweight
worker,35,1.5258466719376345,47.3448265107868,20.335307310732194,normal
student,52,1.6063404546617255,80.53495679043795,31.21111157031566,overweight
worker,43,1.5508799050749797,92.55632156772297,38.48130118975444,overweight
doctor,35,1.6904072517475066,65.67385568301731,22.98316420817472,normal
doctor,46,1.6837787073623947,88.17590991103813,31.10139890166394,overweight
worker,58,1.5408598118630152,81.22806804140939,34.21211061528898,overweight
student,18,1.823553384654531,49.202927269092825,14.796328941899645,underweight
student,27,1.8721275539351294,58.91821380404315,16.81042531621157,underweight
worker,45,1.754880590723312,81.26446572131805,26.38794335533594,overweight
engineer,39,1.7546678728668827,78.7663471618034,25.582963805566468,overweight
doctor,40,1.7073632087780817,53.25929504493729,18.27021155453665,underweight
doctor,18,1.6773092349774472,47.6306951216758,16.930143662405886,underweight
student,40,1.7865293552250727,48.96463847992703,15.341302695698932,underweight
engineer,41,1.5142283468142193,72.97186091961682,31.825312561457853,overweight
teacher,48,1.618614232515062,64.23367763602172,24.51749402643075,normal
engineer,24,1.8135370707070695,64.51627481412898,19.616268992210664,normal
teacher,22,1.7198464174875698,90.6793951022662,30.656973765998366,overweight
teacher,55,1.5330470653837074,73.30616726154314,31.191017128180153,overweight
student,48,1.812993969825575,57.53133296487105,17.502968745329078,underweight
student,19,1.7669401592185712,45.57352346685717,14.597178668224844,underweight
doctor,21,1.8098535122551151,80.41473394476219,24.54984641765775,normal
teacher,27,1.8194856766618297,61.10521201855306,18.45784408521735,underweight
teacher,30,1.7329690632828985,86.14402486862426,28.68425268358232,overweight
doctor,51,1.55123829854648,63.60471282969741,26.43213593549347,overweight
teacher,26,1.6488668095350052,68.76422856193078,25.292480453884295,overweight
doctor,42,1.5654735205861205,60.05852191327586,24.506607069480715,normal
doctor,38,1.7703929102345421,72.28263112739376,23.061875818770567,normal
student,38,1.614362715695664,89.87708164327395,34.486309744500176,overweight
student,29,1.8675706134558216,58.873256109534886,16.87967159226654,underweight
worker,38,1.8913589115202383,86.15055482884486,24.082977429009993,normal
doctor,49,1.5709715077878827,74.9764805393316,30.380046447081998,overweight
engineer,42,1.8749552265988476,47.374555468835645,13.476072697700674,underweight
teacher,19,1.5526915093818248,84.92889504919125,35.22776718716139,overweight
engineer,48,1.6953576520259759,53.28718592404326,18.539589946239268,normal
doctor,30,1.6653665797181045,86.70017560920955,31.26081432974562,overweight
student,20,1.6190193805275281,76.07620960724589,29.023165029674633,overweight
worker,47,1.849329166344323,79.99602446885865,23.39052482174477,normal
worker,25,1.684622989767916,45.51323909049013,16.037338584400704,underweight
student,22,1.8525803118700086,60.28461534868773,17.565171950149416,underweight
engineer,49,1.8519265943767755,81.16581720279126,23.666041889277963,normal
student,27,1.7969392202290035,89.83151114642024,27.820307753737513,overweight
engineer,44,1.775153643951966,65.63929474434664,20.83013140200927,normal
student,53,1.502091845417165,86.85449180154515,38.49455527967262,overweight
doctor,34,1.5044126457049862,86.22500164578885,38.09774412746139,overweight
worker,37,1.6307726465352317,53.18884276828446,20.00017081718279,normal
engineer,54,1.549885622764556,66.1956735676049,27.556896582814534,overweight
doctor,37,1.8121599104589097,56.946500373016576,17.340994594041206,underweight
teacher,54,1.7652168018001968,45.10339359387009,14.474818090296234,underweight
worker,27,1.7478357349839362,64.55211557427465,21.130474583647864,normal
student,37,1.6609308498746223,93.08443588356307,33.74224447884721,overweight
worker,31,1.7893619062449144,50.72755468561581,15.843369570964079,underweight
teacher,21,1.5211215841874113,71.76287142340642,31.01501174252965,overweight
teacher,36,1.6079282880512857,90.37771755990342,34.956506044970496,overweight
student,36,1.5234203716975916,63.38310752828335,27.31077411042845,overweight
teacher,55,1.5839367979425638,90.38218672163634,36.025261972644735,overweight
engineer,53,1.548950702930071,85.45280835681456,35.61649249280012,overweight
student,35,1.6485688007492183,48.439822479355264,17.823311189369107,underweight
doctor,28,1.793446332016925,61.469393077053766,19.11094465469037,normal
student,34,1.755021305788092,72.28915112622707,23.46974325544183,normal
engineer,32,1.6639619558785153,91.18912570995894,32.934893754309364,overweight
engineer,56,1.7287489084908745,77.3273148474209,25.874328757248666,overweight
student,27,1.6338045154967729,46.44081896926356,17.398014390620318,underweight
student,47,1.8326788174703093,60.01889454850468,17.869618126988012,underweight
student,36,1.6037187035463094,68.63112470064144,26.68484764148826,overweight
engineer,22,1.8367734267167233,55.235577981545255,16.37222586855503,underweight
student,38,1.683274754695157,71.56328796469454,25.25691286045305,overweight
teacher,21,1.5199368111131766,94.71523316432061,40.998575393791164,overweight
engineer,18,1.8120852253720408,45.386606209749054,13.821986698770656,underweight
student,48,1.8690492232351157,70.9633238808349,20.31386075628716,normal
worker,47,1.6130982758315047,47.45271996051289,18.236414589854103,underweight
doctor,24,1.5987915196287998,94.84400192865701,37.10446711131795,overweight
teacher,33,1.6484828375559992,68.58877833735713,25.23970109783721,overweight
student,30,1.6072556080382054,53.60099924218964,20.74927785676002,normal
doctor,37,1.7478797760797662,75.90960661067437,24.846980893432622,normal
worker,21,1.6260758084389435,87.45217493998916,33.07417632478319,overweight
teacher,49,1.7655158744702355,97.98669388174528,31.435751784385374,overweight
worker,59,1.831147350128869,88.32421585402398,26.34105740309165,overweight
student,54,1.8925188361988985,59.10915343443363,16.50343389582303,underweight
engineer,40,1.579239053103896,76.09316400143854,30.510539873639818,overweight
engineer,42,1.878814395095489,98.20458977835514,27.82044214301328,overweight
worker,58,1.5088140641190018,84.60044218147122,37.162180274206804,overweight
teacher,24,1.773501642230817,74.98080405433848,23.838937956641345,normal
worker,51,1.6615911505306193,74.84001918674826,27.10725549213811,overweight
student,34,1.7451600643447795,57.438087837446744,18.859468146271062,normal
teacher,18,1.6714522187881902,52.75277951369731,18.88240964146451,normal
student,19,1.5390250040957199,92.40927996223498,39.0143373407901,overweight
engineer,56,1.7181727477627622,48.42502082350371,16.403486422288342,underweight
doctor,27,1.8912247271894114,88.66943440024033,24.790635688112268,normal
student,49,1.6034483339552155,54.05884943877628,21.026009519581063,normal
doctor,39,1.5071782714273967,51.94395805359374,22.866820906748234,normal
doctor,45,1.6021973378622418,97.06508748097839,37.81212097528418,overweight
teacher,45,1.808804990523996,46.49420816740579,14.210696380696234,underweight
student,20,1.863688082344624,74.62859888739928,21.486161310543537,normal
doctor,52,1.5421894799826523,81.12290575983617,34.1089245069972,overweight
student,36,1.6764288633003135,55.75851001744833,19.839964966266322,normal
doctor,27,1.5376144417737065,64.61690357779706,27.330730778612583,overweight
student,53,1.6105766762333584,62.17920060370325,23.97078867914049,normal
student,32,1.8660360273628172,74.3165876985377,21.342520721409326,normal
teacher,37,1.7231280767716806,54.13188723789075,18.231317341642445,underweight
engineer,20,1.8588745363858474,54.28698136727274,15.71070003527826,underweight
student,45,1.580806267360996,55.132366158091436,22.06222623334751,normal
worker,49,1.7617170209299846,53.36573557722501,17.194525650925065,underweight
doctor,47,1.7461192100279208,49.59052467441608,16.264882216478707,underweight
student,29,1.7958921328342161,62.58167578422996,19.403795656704183,normal
student,38,1.7900742192109562,62.76561591124176,19.587532006664897,normal
doctor,55,1.8919129831418087,81.08737099113193,22.654313434434734,normal
engineer,22,1.723902273455353,74.0069792167472,24.90275482986894,normal
student,37,1.8561032212071207,49.36736215536662,14.329652981857128,underweight
worker,52,1.5749647776390328,92.19973792364402,37.1696092161928,overweight
doctor,55,1.7163175019942176,84.06335392428213,28.53720604385248,overweight
doctor,28,1.8605184043098595,80.84173552885343,23.354344790900708,normal
student,38,1.6017287924713266,90.05903076793035,35.103409773374494,overweight
doctor,45,1.710173965018277,58.43869674325564,19.98112518760145,normal
doctor,43,1.5402549914094132,58.19307620157696,24.52935145178588,normal
doctor,51,1.6391765646328667,69.7693038397977,25.96647019701018,overweight
teacher,28,1.7604590339526696,79.1510712113137,25.539062443586484,overweight
student,22,1.8224783524015162,91.40555295236985,27.519961588422586,overweight
engineer,52,1.5124462399669432,85.66121043406253,37.44762798721706,overweight
teacher,19,1.625967835445187,45.209942376839095,17.1005489900937,underweight
student,37,1.5908718228094059,91.03726188836171,35.97069321733261,overweight
engineer,21,1.8465546057005366,56.85414278352325,16.673923548256905,underweight
worker,52,1.8052621165035556,67.4568488517698,20.69881642088251,normal
doctor,31,1.861443137738718,57.80197309057088,16.681807874697594,underweight
student,52,1.5236375560313014,94.4366063499136,40.67963372819995,overweight
engineer,50,1.8496906896553407,45.01036197561201,13.155709787097921,underweight
engineer,44,1.6559037549705968,65.87265968560952,24.023430118206704,normal
doctor,25,1.5515394848001018,67.70186210963143,28.123861418714398,overweight
engineer,37,1.507200035578086,68.17942228685861,30.013146322656212,overweight
teacher,55,1.6120149318201957,92.20879222395165,35.484134193278244,overweight
engineer,20,1.8015847614387135,89.26987272627912,27.5039782629355,overweight
doctor,24,1.7485377989014117,75.75516437561296,24.777768712542503,normal
doctor,36,1.849101535826451,51.19192147265654,14.972003236871437,underweight
worker,53,1.5386137880781763,58.30416055423615,24.628632983054608,normal
student,42,1.8298139232348127,49.08324801436125,14.659509460774293,underweight
student,31,1.7972772794926413,47.64785597880944,14.750719178040423,underweight
doctor,45,1.8409055497564726,81.72925757745236,24.116514464624867,normal
student,33,1.5958040679638152,88.70180532851046,34.83159190012492,overweight
doctor,52,1.6071106701953337,88.40384656238024,34.22784786951227,overweight
worker,38,1.525456363714657,90.72554329121404,38.987914014522076,overweight
engineer,50,1.7950262996371307,73.8881866636088,22.93154818775007,normal
student,21,1.8474206025281155,48.55777914333223,14.227455970952635,underweight
student,25,1.7069785407020164,68.67350756765447,23.568563174652258,normal
doctor,29,1.685773294490217,52.56380761493585,18.496454049998572,underweight
engineer,43,1.5659298701387048,54.38200513563995,22.177398477025527,normal
worker,55,1.7366788649225302,83.64485751970341,27.733214307376052,overweight
doctor,24,1.5526773753888155,57.88014457485171,24.00861778048278,normal
doctor,20,1.760889703818189,97.2792078922412,31.372976016009243,overweight
teacher,44,1.797437566470624,72.84463327223615,22.547060637579282,normal
student,35,1.6447412372820556,70.98713452535824,26.2412478497276,overweight
teacher,44,1.5560096390213272,60.224786928521816,24.874290738399754,normal
student,46,1.689188538438204,79.23858326513599,27.77029224213782,overweight
engineer,37,1.5827970313753708,73.41149456452885,29.30310300745179,overweight
student,25,1.5146885450003285,50.94141647718803,22.203648051082485,normal
teacher,56,1.821034271831925,76.46267538531154,23.057554885500416,normal
teacher,58,1.6588060164948766,49.79010217376743,18.09471777322861,underweight
student,34,1.5455353573906405,63.987272854093064,26.78771754740654,overweight
student,56,1.6974186321360474,83.62423213174154,29.023796004651867,overweight
engineer,28,1.5525956479591927,60.11023390357357,24.936281329515126,normal
student,57,1.6687312714155325,67.60615913960501,24.278030590109715,normal
worker,29,1.7698431411664863,61.320020260724945,19.576395724526723,normal
teacher,56,1.881613251034016,84.67663981084586,23.91678998684044,normal
student,44,1.5008415372703534,84.46646686023769,37.498564882008196,overweight
student,37,1.7746359653970427,51.29682009362478,16.288154727866214,underweight
student,53,1.6476212087043667,51.656375026685616,19.028702618943477,normal
doctor,57,1.8004712191233672,48.90542154932905,15.086366005077288,underweight
teacher,32,1.7999403057745864,67.69714293458682,20.895565833564444,normal
worker,58,1.7585800360498427,93.84214853980649,30.344058383281883,overweight
worker,27,1.7008614439847947,52.637922951808434,18.195369155304714,underweight
student,56,1.849479437386538,84.81851805063516,24.796573135461013,normal
engineer,19,1.7119966091705674,90.595975290002,30.910291757302517,overweight
teacher,34,1.7779529494703836,74.28709846904306,23.500270866804875,normal
engineer,18,1.533756952217817,66.965281161708,28.466666143689896,overweight
worker,38,1.8232090519626212,56.8828250756428,17.11229351007389,underweight
student,40,1.8266892810234179,48.70615051320374,14.596692053205322,underweight
worker,35,1.6615591456680494,49.268805460229245,17.845980836071995,underweight
student,55,1.8155940639683172,69.55307340208702,21.099823234711295,normal
teacher,49,1.8289689494673114,92.16592857137061,27.552292349835582,overweight
student,40,1.6275467273284554,77.02093106267625,29.07648015576476,overweight
teacher,53,1.6571896901381165,73.91969293803281,26.91632159768306,overweight
teacher,45,1.6722117353848829,52.84267792450498,18.897409949429164,normal
student,18,1.8786577735974184,63.687285493311485,18.045020958952353,underweight
teacher,35,1.7547609269818971,63.73322916197104,20.698077676031488,normal
engineer,28,1.6244869980253573,82.24163518542551,31.164434968255822,overweight
worker,25,1.645837491279016,56.984090484024456,21.03680197128425,normal
doctor,55,1.6816006484784458,82.85508296791303,29.300391564196367,overweight
worker,22,1.5913946987019083,98.75986648947023,38.99641469979605,overweight
engineer,28,1.554315618825575,50.461621151453116,20.88732270244223,normal
engineer,44,1.5640099745852776,46.284365298050226,18.92148751980475,normal
engineer,32,1.6951404788769626,52.152628038112624,18.149505994768653,underweight
teacher,54,1.8823675315821276,62.2681694557544,17.57345898847034,underweight
doctor,35,1.830682943896595,99.12072397657553,29.575915367242715,overweight
worker,34,1.6542047618947688,63.72129073399781,23.286597192971566,normal
doctor,22,1.5616580172713947,75.45413169469062,30.93934786555294,overweight
teacher,39,1.598762970667034,91.12020681965555,35.64893294944065,overweight
engineer,59,1.8307259895185675,83.99575483578676,25.061706716695923,overweight
teacher,38,1.6369791915338854,59.863623067193075,22.33966621381537,normal
doctor,28,1.7230835305000176,64.10023714667791,21.589718185726305,normal
doctor,41,1.8998855216623656,53.27868204148774,14.76041631306177,underweight
teacher,28,1.5829236012750232,88.0313581203048,35.13318262379156,overweight
engineer,35,1.749362383263776,76.31575486502555,24.937598998598226,normal
teacher,36,1.5805248431289733,66.73257587953752,26.713773278894973,overweight
doctor,22,1.6902184149947306,74.86635211767148,26.206016759710227,overweight
engineer,44,1.8637818443748968,84.71787795007482,24.38849017595084,normal
worker,29,1.5151926253159413,86.02230212448566,37.469281491655245,overweight
doctor,22,1.817684265019762,60.167216253824634,18.21054834055571,underweight
teacher,29,1.887843090739238,97.20116786991923,27.273425833230256,overweight
teacher,49,1.6967724400422917,61.6346113059159,21.408067157138138,normal
doctor,55,1.7089776581621858,75.94914344622866,26.004595934529284,overweight
engineer,28,1.8674938842425508,64.92474479042251,18.616235946984144,normal
student,31,1.6823917103039747,69.39007100100473,24.515631927468142,normal
doctor,24,1.882418857444773,56.02609835406216,15.810945793411415,underweight
student,25,1.8415847867821689,69.15323991485616,20.390557260120076,normal
student,50,1.857236082078166,48.43516764904893,14.041922842521592,underweight
engineer,22,1.7041729956016929,79.46258811012656,27.36121304193576,overweight
teacher,49,1.8717029592028918,46.6802201401359,13.324749141185345,underweight
engineer,27,1.5537740517632488,61.46675736044247,25.46036198629649,overweight
doctor,19,1.6333629288636442,85.31781544229963,31.979696498123023,overweight
student,47,1.5035453140453876,99.8801470625088,44.18207720455888,overweight
teacher,57,1.6178477585384772,45.7873402716883,17.493234321191558,underweight
student,53,1.8336578388002702,85.72618725744356,25.49628527545988,overweight
worker,30,1.8013711689027876,87.29075301592025,26.900591211456202,overweight
student,18,1.8383685758710928,78.7482262830602,23.30105607190559,normal
student,51,1.531059733868642,67.4148667067837,28.758843028933455,overweight
engineer,52,1.719652134510869,79.76494062284333,26.973098605225267,overweight
worker,49,1.5289265901031754,97.53133640104357,41.72255613920703,overweight
engineer,55,1.6198262711815494,49.22741414018899,18.76161184870668,normal
teacher,59,1.5968924871298267,71.30429363073729,27.961748591362195,overweight
teacher,19,1.7840440225686827,81.67699315578473,25.661888161485567,overweight
doctor,51,1.6124017995634854,89.19155088132865,34.30655958259498,overweight
engineer,46,1.7333029969824463,91.32269104891714,30.396930092637838,overweight
student,58,1.5877095847695504,46.851804801763,18.585925504583546,normal
engineer,36,1.7591269783962113,51.76063731559631,16.7265062383112,underweight
student,40,1.8467733873407535,69.96707664595964,20.514763444632674,normal
doctor,25,1.721862939214038,80.03999603944978,26.99665157201868,overweight
teacher,31,1.6852690867005367,57.905939297671715,20.38846836937563,normal
worker,41,1.6159880475774435,75.98089120245982,29.09565206920047,overweight
doctor,30,1.866716676280934,84.63603299057124,24.288376404654993,normal
doctor,48,1.6137096371710067,52.360559964983125,20.107287939793036,normal
teacher,28,1.608618818964497,67.13456505885179,25.944176448679915,overweight
student,48,1.5756158098910127,88.06591505242031,35.4737574459145,overweight
teacher,49,1.7373943051903737,94.26496992593951,31.228674139861365,overweight
teacher,25,1.5015279690634333,58.57531280610462,25.98051550126888,overweight
student,46,1.8723549488243232,90.46930629620601,25.80624965383168,overweight
engineer,36,1.7259937430701013,92.66013899619978,31.103876102917898,overweight
doctor,53,1.8628799286242488,96.86410992488234,27.912141955429533,overweight
engineer,23,1.650927221585277,98.02431290695594,35.964824863989335,overweight
worker,34,1.774807706601297,72.15977222513108,22.90828312614511,normal
student,44,1.8376994809623273,82.1716260555385,24.331724798064116,normal
worker,38,1.8502044906210464,55.054398016129525,16.082462850605808,underweight
doctor,28,1.880309083092535,83.63972758441437,23.656697780577097,normal
student,38,1.6901626431400294,79.88868568411624,27.965866447931226,overweight
worker,59,1.5419232259990288,72.421393972814,30.46080520571363,overweight
doctor,58,1.6903870924046622,51.10376385218314,17.88465438375751,underweight
engineer,58,1.520942008074989,87.21621956848551,37.702656182458455,overweight
teacher,54,1.8288719547265693,91.76914006159424,27.43658547271489,overweight
student,26,1.8479052706726842,85.17729985273346,24.94390594813892,normal
student,53,1.7711252801240176,78.42636672389975,25.0013541385381,overweight
teacher,26,1.5546403614604691,80.8401868262502,33.44779026107072,overweight
teacher,20,1.62625093750534,80.46579322122726,30.425391622761875,overweight
worker,45,1.785282753313047,55.956840119172924,17.556549402405306,underweight
doctor,38,1.614963838586232,65.2282293265884,25.00978652958476,overweight
student,27,1.717522291146495,50.4926751624898,17.116840984373287,underweight
teacher,30,1.6516376194687745,63.5540050723001,23.29771840648043,normal
student,53,1.879538382332452,46.72820018312001,13.227466060689917,underweight
engineer,55,1.7123750713648376,77.73224211981248,26.509613820197455,overweight
worker,42,1.8853996963550352,73.54677540712518,20.689822776078156,normal
student,37,1.6819675558030347,59.698894638647744,21.102361641366038,normal
student,57,1.5526073067665511,92.14212579209553,38.22389823757351,overweight
worker,59,1.8080632847028384,89.39355455506853,27.34506448410103,overweight
teacher,54,1.6062331331834425,45.96537998516459,17.81614317769512,underweight
worker,42,1.8092567495674685,73.48782902419184,22.449931215990727,normal
doctor,29,1.5005414502861874,61.489029016087976,27.3087386830677,overweight
doctor,30,1.8896777775265428,91.58834548411447,25.648661267843735,overweight
student,49,1.8594242418699356,88.07591273142442,25.47417776518463,overweight
student,25,1.5828379672706285,53.37802821144733,21.305395900172385,normal
engineer,46,1.5912941453974796,58.56319992379135,23.127243281859837,normal
doctor,30,1.7989777626386776,71.05954056188706,21.956888939993895,normal
teacher,21,1.8831159203952814,96.84983755017618,27.31145179380657,overweight
worker,49,1.760382934047229,80.4525146108289,25.96123351444213,overweight
doctor,39,1.6462722993045484,57.395969740372124,21.177664146521337,normal
doctor,24,1.5563211795570704,79.23275028612981,32.711938105444524,overweight
teacher,36,1.558785083835284,89.6118073463409,36.88015637764762,overweight
doctor,48,1.7696521182144251,59.29477385835581,18.93392343274417,normal
student,55,1.6162018022685682,70.84935474868651,27.12343729400855,overweight
student,43,1.558921217711588,45.431287492455425,18.694192415909136,normal
doctor,58,1.6790693701641672,52.38511679962515,18.58106651994739,normal
teacher,55,1.7118638895782479,58.304131176208905,19.89577524380467,normal
worker,38,1.8849240811951136,79.14997246197395,22.277325081733874,normal
teacher,31,1.7186308568129178,68.80488012152081,23.294534301235725,normal
engineer,47,1.845584632294004,71.47333570946157,20.983412626171535,normal
worker,50,1.5547996252214686,99.72397531288011,41.25254322053604,overweight
teacher,28,1.6567433185636316,81.25125704582396,29.60190312959381,overweight
student,33,1.7546154587013416,72.40298002746002,23.51757507184698,normal
engineer,43,1.7090158866928213,57.05146137084661,19.53325292844224,normal
worker,42,1.867754961829069,54.68525092318271,15.675825183104944,underweight
teacher,43,1.5056760197583068,90.6165394827182,39.970944056065015,overweight
worker,51,1.779324462891029,66.73632594704836,21.079096610989343,normal
teacher,51,1.8029240828537754,53.891928993032906,16.579401505440128,underweight
doctor,47,1.7562460734195549,81.66302634756406,26.476144205800864,overweight
engineer,37,1.7260341249811024,87.43948010382343,29.350047682777312,overweight
doctor,26,1.8341631323368504,88.14314719018796,26.200684277264163,overweight
doctor,45,1.5914707118414435,79.89000288794279,31.542429105486537,overweight
teacher,57,1.8392168358405936,85.08737932484708,25.153549603145592,overweight
engineer,39,1.6714808083945734,46.604337000489544,16.681056181998496,underweight
engineer,30,1.500177112574883,94.57607031530642,42.023884498619765,overweight
engineer,51,1.8973020061691854,47.470121444758874,13.187042654013197,underweight
worker,24,1.6486896265609372,66.5852002426214,24.496266567098044,normal
worker,47,1.8673705728581633,97.30107269764017,27.90336672195158,overweight
engineer,43,1.6428484637202012,88.31519972223286,32.72204544518634,overweight
doctor,46,1.725629611533407,64.72181538386802,21.734793639376836,normal
doctor,18,1.5961595651574028,55.53761201541542,21.798900675520606,normal
worker,37,1.5407214731798147,72.82768492542124,30.679496921355963,overweight
engineer,58,1.515571985330267,46.98103500602845,20.45358511163881,normal
student,39,1.8467081418024,60.53633091873647,17.750866883898713,underweight
worker,21,1.7326489171956774,69.01378043728214,22.98871386974303,normal
engineer,38,1.706679354090507,86.73269395665288,29.776864616609604,overweight
engineer,24,1.8576377210133002,97.0551082232723,28.125247684635454,overweight
worker,38,1.8052433454405232,90.27384568898725,27.70068051558924,overweight
doctor,32,1.717802307619691,56.24534873300915,19.06076163061591,normal
student,36,1.7375209923238462,46.80452932707347,15.503428889541217,underweight
student,44,1.5276030370451266,96.74314862767093,41.45712601826556,overweight
worker,18,1.6637648287268072,89.59832195543552,32.36800984512233,overweight
worker,53,1.777447222989518,87.41175487185376,27.667913589854024,overweight
teacher,21,1.5606380299200397,93.17356959343815,38.25501378580569,overweight
worker,40,1.87240398835412,66.5503179805925,18.98239559198399,normal
worker,58,1.5000046539021465,67.91112056652607,30.182532962758895,overweight
worker,27,1.5802241004291933,56.196810765049825,22.504755939100114,normal
worker,37,1.59216666484694,45.081060214747126,17.783492966116587,underweight
doctor,45,1.6240338153371021,85.2448605110317,32.320499861220874,overweight
doctor,58,1.8393701516362098,68.2446058357485,20.171122196204035,normal
teacher,47,1.6301180536092124,84.1941733204182,31.684285833277123,overweight
engineer,31,1.5501425903169543,63.53305991446011,26.439697081393753,overweight
doctor,56,1.5881953738756425,86.93655864615542,34.46629425465379,overweight
worker,25,1.764405701698928,49.315069897441816,15.841005616149284,underweight
teacher,27,1.5082685475567619,59.796080573907076,26.285447137000496,overweight
student,34,1.8808887142790378,47.333226401379044,13.379500722476768,underweight
student,34,1.7406215517199295,61.31079517132619,20.236166113935152,normal
student,38,1.7240366789773582,87.94025192604956,29.586575659798537,overweight
student,53,1.8889679996160411,69.68475051606333,19.529384141398484,normal
teacher,57,1.5720783016512592,50.40292457039943,20.394233608239666,normal
student,40,1.5500501028566989,91.77593881184606,38.19771316997129,overweight
student,34,1.512343161723229,47.8542414735126,20.922797069073237,normal
student,30,1.5853573391902758,81.5830406831123,32.45977857462417,overweight
worker,20,1.5475497564708287,87.05955278119535,36.35190622551682,overweight
worker,18,1.6247936081305674,71.53752311294484,27.098016034742948,overweight
doctor,49,1.6548949084712383,94.86147158696895,34.63769773189834,overweight
student,36,1.8128685052364983,51.84105571827284,15.773977934809489,underweight
teacher,50,1.8881028438904228,69.07137304815119,19.37522687224381,normal
doctor,41,1.7819484040173525,89.94204781085719,28.32516976618552,overweight
student,50,1.8868141101024585,47.84177969118786,13.43844741096279,underweight
student,22,1.78738157892902,92.44522591320484,28.936762025271527,overweight
worker,52,1.8809868466751385,57.47000602814798,16.243130197024023,underweight
engineer,27,1.8235159938254153,82.24338268517205,24.733285520724714,normal
doctor,40,1.626619866107148,89.9025931730767,33.978177022156,overweight
student,54,1.5283566303565141,62.20747384703215,26.63134831981694,overweight
engineer,33,1.8927622792306156,79.53963604322539,22.20196709914584,normal
doctor,33,1.5651260198707455,55.28029423346539,22.566890563840527,normal
doctor,28,1.576571072199817,67.64105032511864,27.2134269551649,overweight
student,22,1.7930796202361121,67.24900620656283,20.91638956130268,normal
engineer,50,1.6143033298370824,68.80217837795945,26.401700715647856,overweight
engineer,39,1.6329824628594847,48.11221108806936,18.042315575463306,underweight
doctor,50,1.7566937589194231,81.93135317669638,26.549601752494006,overweight
engineer,46,1.5405491590212637,60.281902684934174,25.400123548386514,overweight
teacher,27,1.8658924459826014,45.63143628621578,13.10662656975472,underweight
worker,27,1.571745872804884,98.38720999753593,39.826669310953264,overweight
worker,45,1.6614404009446364,85.58367416590335,31.004261647076135,overweight
teacher,37,1.6690914547575728,64.05882923739951,22.99422251433236,normal
doctor,24,1.6057105052634557,56.29331162887399,21.833446720031898,normal
student,52,1.6074135024270428,60.81039156934875,23.535453750460757,normal
teacher,55,1.8874149326799567,78.20004603076563,21.95190604439345,normal
engineer,46,1.8702088831407524,48.75837576650823,13.94019982106703,underweight
student,37,1.7396178348601525,79.30068280596464,26.204098532970953,overweight
teacher,47,1.7566527635309417,83.70857710447791,27.126771755460947,overweight
engineer,27,1.6802745899755651,81.96308213137394,29.030716962547352,overweight
student,53,1.5998097467352994,45.111018476152864,17.62568302270654,underweight
doctor,18,1.5468264165696675,69.69966097560207,29.1304708934174,overweight
worker,32,1.5852340034739232,96.64814027819529,38.45977532130262,overweight
worker,39,1.7500819078121768,65.54551405762251,21.400613499768046,normal
worker,45,1.7509946287137117,66.20874320761064,21.59462746659636,normal
student,26,1.6801016984571562,97.66695582960995,34.6000327397725,overweight
doctor,26,1.8359206426657706,55.36973331620881,16.427240743370962,underweight
student,27,1.5033279768908767,68.84705359479379,30.46336536535765,overweight
engineer,38,1.8658194655394236,68.87115349898174,19.783271794560942,normal
doctor,46,1.7050905577047104,69.11117390169187,23.77132397545902,normal
engineer,45,1.7453166739549515,80.07285357927645,26.286746098630594,overweight
teacher,37,1.5816098662954314,80.96967507868906,32.368581345739365,overweight
worker,40,1.5200074307284448,95.1336711328924,41.175874736720125,overweight
student,22,1.5308580674158327,95.11425568490435,40.58595404292974,overweight
engineer,20,1.5861377525530211,77.84026736026959,30.94015711145625,overweight
teacher,47,1.8805962840707147,91.11705086136637,25.763716253113557,overweight
engineer,53,1.8730842032531045,74.93396813625337,21.358174421295807,normal
engineer,27,1.7054444186177298,58.93464435328138,20.26261659759037,normal
engineer,25,1.5273834877334311,65.41121161365703,28.03857974218559,overweight
student,23,1.8198875055859445,63.348373396597374,19.12697900722838,normal
doctor,45,1.866102873967129,92.29031094652018,26.502384211943745,overweight
teacher,38,1.6645357865996575,93.05476061002238,33.585539026326906,overweight
engineer,55,1.671040533481335,69.34000331481101,24.831896485094344,normal
doctor,54,1.8135949434757421,68.06642864168344,20.694377725829742,normal
engineer,30,1.620418431133725,72.64471834465718,27.66621168675736,overweight
worker,41,1.870844251543371,50.79662699592929,14.513080610924003,underweight
engineer,31,1.5045969893192461,67.48274936760227,29.809342109089915,overweight
worker,46,1.5281967782572579,55.21056876956837,23.640881258083176,normal
worker,24,1.7882262194577625,90.45684496076693,28.287627162746574,overweight
engineer,52,1.8223378130471333,45.438042260999815,13.682385976830346,underweight
doctor,44,1.7060022638838892,74.455459818382,25.582167830549906,overweight
worker,41,1.8157171393278742,61.92877074244101,18.784345749595733,normal
worker,53,1.7528866391015796,65.54360972948281,21.331563800391987,normal
teacher,56,1.59271343611574,62.52349295199839,24.647220185313525,normal
worker,26,1.5310563103955126,90.58792019391272,38.64452390147195,overweight
student,22,1.7707763131987349,91.0849606168492,29.048202728892065,overweight
engineer,47,1.6756842404998868,78.58007152584835,27.985176437824283,overweight
worker,54,1.6644374435521758,84.70610751336237,30.57593670637969,overweight
doctor,40,1.6718434368529453,85.73443818919037,30.673553894092628,overweight
worker,19,1.7127556316030057,88.41877068073552,30.14072288753105,overweight
student,47,1.5076515865749147,54.11614973308714,23.80810951624885,normal
teacher,31,1.5485981564351061,79.90515910680593,33.31941323798252,overweight
engineer,53,1.5473660156703728,56.654188174206,23.66169827011486,normal
engineer,31,1.5667724283270006,58.4051215388388,23.792445947859672,normal
engineer,32,1.7997561811204634,76.45517121178304,23.603669099120427,normal
engineer,26,1.6663100414093288,68.59193833865794,24.703668613462092,normal
engineer,20,1.7785719228144428,83.61803529000062,26.433647534988015,overweight
student,46,1.7000451008306507,67.6576952268756,23.40972507470631,normal
student,51,1.5088565901890518,96.98128038158049,42.59827230485238,overweight
student,46,1.6756382261003313,98.92395636487045,35.23229702435811,overweight
student,24,1.5457143079991917,87.06405348526025,36.44017289955634,overweight
engineer,24,1.8091946885222345,97.32931157991246,29.735349227743747,overweight
student,34,1.8429235609443362,82.02855416449924,24.151850518716397,normal
engineer,32,1.8542479056967092,57.20452534314051,16.637757576784036,underweight
teacher,33,1.5039915106633797,84.78940142952015,37.48442036932948,overweight
student,46,1.8285553451602776,91.38293922833358,27.330583450980427,overweight
engineer,58,1.7126309587099973,73.0808987475136,24.915883922482774,normal
engineer,19,1.661827462561607,71.63894344603298,25.940438241464005,overweight
engineer,47,1.7591096931801369,45.85295818446257,14.817724499545257,underweight
teacher,49,1.5167941715638353,71.35930494529956,31.016822799985913,overweight
student,57,1.8872263248203036,48.661060035282254,13.662607549368252,underweight
student,35,1.6501875713866,89.20979998563956,32.760154552767574,overweight
doctor,46,1.7236237139786408,62.66391839497744,21.092721907196104,normal
engineer,20,1.6402082137144647,65.48933005677529,24.342915016031064,normal
engineer,21,1.6856954078956898,84.75057637313427,29.82527474382943,overweight
teacher,48,1.7835062620916617,45.46000250322714,14.291577812782144,underweight
engineer,19,1.7646737153599426,71.61941524988609,22.998628436660038,normal
doctor,48,1.821797856972729,87.50452653096855,26.365143869400633,overweight
student,53,1.8066060198130338,77.10424732522502,23.623889143056676,normal
worker,56,1.7709893659293892,86.7176034504015,27.64874099700361,overweight
engineer,54,1.5828969199075513,84.22797274458352,33.61639049027995,overweight
engineer,24,1.764993578776643,64.08294628540071,20.57103822889149,normal
worker,34,1.6032924078664639,78.2976466629173,30.459532744696446,overweight
worker,43,1.8556511695760038,76.83437149815673,22.313251664962902,normal
teacher,29,1.689568488046441,84.40184115769544,29.566527341494066,overweight
engineer,57,1.739908525988199,92.38325389747914,30.516900539596723,overweight
doctor,27,1.7028238586954874,55.335620944842766,19.083821010307243,normal
student,43,1.77846245805517,66.05393204400133,20.883787780852163,normal
teacher,40,1.763804307456308,88.79327977977528,28.541664721135927,overweight
student,20,1.8756273917801165,80.00058548433559,22.740501196795627,normal
student,47,1.607804744916909,55.50096217894039,21.47009174326865,normal
teacher,30,1.7618836301425196,90.30720676895177,29.091624187144273,overweight
teacher,56,1.8107161933628908,90.19063631289742,27.508105411787174,overweight
doctor,54,1.7991354297648288,53.28344567700507,16.46131742183343,underweight
student,54,1.6038305797100196,46.852202213095524,18.21432281983047,underweight
worker,49,1.597358673287412,75.65354432651544,29.649979051444493,overweight
teacher,23,1.6715939727363562,56.05858336274698,20.062291004183912,normal
worker,24,1.8984630693995115,90.39786152681714,25.081519886692814,overweight
teacher,25,1.599603494443636,76.7186319371766,29.983074328576564,overweight
engineer,37,1.8612374911506153,96.34640959017065,27.811982729911232,overweight
engineer,49,1.7697035368025995,45.31452197484341,14.46892832519172,underweight
engineer,52,1.7284649194489443,61.72166498463998,20.659342407975895,normal
worker,52,1.508970355664822,64.82347549278174,28.468913703456284,overweight
engineer,28,1.5054794201635657,49.41222355506427,21.80141848540341,normal
worker,52,1.5062971651982708,45.9432380053359,20.24884624977613,normal
teacher,49,1.623582396027261,52.29545176805242,19.83879325706367,normal
engineer,52,1.8753654975432577,67.8148315663921,19.282033985520297,normal
worker,27,1.656237443032713,48.813058171327064,17.794706122687955,underweight
worker,36,1.676917522180454,83.90683500181103,29.838290250952177,overweight
engineer,42,1.5915501849933995,77.82685322882676,30.724781011261825,overweight
engineer,51,1.6367621112421962,74.02226064219323,27.630657401844317,overweight
engineer,22,1.8982524437995534,98.96148493273647,27.46365077512544,overweight
doctor,59,1.78604006451348,77.62370204717075,24.333913382237427,normal
engineer,49,1.6819057370210644,82.11324661920759,29.027519121391617,overweight
teacher,40,1.8700188701372058,79.74039332955904,22.80270640741707,normal
student,42,1.7594555827075262,60.14085173985231,19.427322930694796,normal
engineer,18,1.7543761307306842,77.96161638766907,25.330013137499673,overweight
doctor,39,1.6820687966934624,81.72683253817341,28.88531835728761,overweight
worker,31,1.5242419630859638,82.69674388953032,35.59431031651072,overweight
student,32,1.835261989995457,89.15460141534753,26.469614883735694,overweight
engineer,45,1.6953982530639622,67.10379599399016,23.345523974064864,normal
worker,19,1.729042893152809,60.23568883792883,20.148482705223014,normal
doctor,43,1.796225889303804,50.21996426970404,15.565192498353666,underweight
engineer,39,1.7810560823432915,48.659018451597035,15.339392295473694,underweight
teacher,47,1.8662688929046598,78.8972970728093,22.65237228468888,normal
engineer,24,1.7006302799671793,98.6902836243446,34.123579543057005,overweight
engineer,40,1.614607819570849,89.14521717941113,34.19510522400508,overweight
engineer,37,1.5864908036511118,83.01664951625972,32.982994599087114,overweight
student,25,1.8763093198758003,87.67513430440184,24.903911725904976,normal
doctor,56,1.6741574584702943,66.77788738111826,23.82539290747753,normal
student,59,1.8751860925735575,49.680691736588194,14.128592113651726,underweight
engineer,51,1.5284139556176009,56.59362058525157,24.226210692544406,normal
teacher,37,1.5220890082972114,96.83108997012522,41.79600004930683,overweight
doctor,32,1.5589102254208365,98.51922388517642,40.53953570064996,overweight
student,57,1.5457726074449434,45.4788380884399,19.033477663914386,normal
engineer,25,1.58788271615656,46.12864481011289,18.29506062049768,underweight
teacher,56,1.6462382804015867,64.45331776194037,23.78263032535628,normal
worker,49,1.8901493108585683,54.35634795201048,15.214512644457791,underweight
doctor,48,1.810721332855955,49.20639755246222,15.007844963377678,underweight
teacher,48,1.6209678045114146,75.98746004661197,28.91965781708495,overweight
worker,55,1.8122224107548854,61.69931659791121,18.786996744112084,normal
engineer,40,1.5329089297108247,70.27712314674926,29.907579558955174,overweight
